_id,label
563f33cc625f05aa0774bf4f04a9cce6,爱猫人士
563f33cc625f05aa0774bf506cb750b6,缅因猫
563f33cc625f05aa0774bf5331a32a69,田园猫
563f33cc625f05aa0774bf54076f8ec1,暹罗猫
563f33cc625f05aa0774bf555b2659b3,逻辑猫
563f33cc625f05aa0774bf56031f6d97,布偶猫
563f33cc625f05aa0774bf572cac7ccc,英国短毛猫
563f33cc625f05aa0774bf594aff0457,金渐层
563f33cc625f05aa0774bf5a00b9f474,银渐层
563f33cc625f05aa0774bf5b5851e7c8,狸花猫
563f33cc625f05aa0774bf5c039b6969,狮子猫
563f33cc625f05aa0774bf5d786df2c2,长毛猫
563f33cc625f05aa0774bf5e3bdd55d9,短毛猫
563f33cc625f05aa0774bf5f234cbe04,无毛猫
563f33cc625f05aa0774bf6067f10ccf,猫毛过敏
563f33cc625f05aa0774bf6126ca68e4,大橘为重
6f49505e6260f2f4015f97fc20c6152c,大大咧咧
f1dedd586260f46f00d2aa801fc84c17,ff
5464a2946260f54201bd03670a75b68d,ew
6f49505e6260f57e016038003b42b42f,ss
6f49505e6260f5e4016063ee0f1d650f,ssee
1fee1e976260f6510147e2b975072e4b,搜索
6f49505e6261c24a017ed08712690ec2,长发
5464a29462638e010249314e7480ea3a,可可爱爱没有脑袋
1cf827d062638ebf01878c1f2c69a39b,我爱猫猫
bb4c251562638ee70103d6a849de8a77,我是小洪
5464a2946263bebe0251f11e5b09a7a2,缅因
6f49505e6263bed901d68ec46b503137,长毛yyds
2c9907ee6263bf3a00eb62eb12a9c97b,长毛猫
5464a2946263c8300253c78c7a712a84,康康
5464a2946263d4ee0256164c30de90f0,自定义
f1dedd586263f45c011d49f14c8132ff,
