{
    "setting": {},
    "condition": {
        "plugin": {
            "list": []
        },
        "game": {
            "list": []
        },
        "gamePlugin": {
            "list": []
        },
        "miniprogram": {
            "list": [
                {
                    "name": "",
                    "pathName": "pages/index/index",
                    "query": "",
                    "scene": null
                },
                {
                    "name": "",
                    "pathName": "pages/test/test",
                    "query": "",
                    "scene": null
                },
                {
                    "name": "",
                    "pathName": "pages/cats/cats",
                    "query": "",
                    "scene": null
                },
                {
                    "name": "",
                    "pathName": "pages/add/add",
                    "query": "",
                    "scene": null
                },
                {
                    "name": "",
                    "pathName": "pages/cats/cats",
                    "query": "",
                    "scene": null
                },
                {
                    "name": "",
                    "pathName": "pages/search/search",
                    "query": "",
                    "scene": null
                },
                {
                    "name": "",
                    "pathName": "pages/friend/friend",
                    "query": "",
                    "scene": null
                },
                {
                    "name": "",
                    "pathName": "pages/mine/mine",
                    "query": "",
                    "scene": null
                },
                {
                    "name": "",
                    "pathName": "pages/catdetail/catdetail",
                    "query": "",
                    "scene": null
                },
                {
                    "name": "",
                    "pathName": "pages/test/test",
                    "query": "",
                    "scene": null
                },
                {
                    "name": "",
                    "pathName": "pages/home/home",
                    "query": "",
                    "scene": null
                },
                {
                    "name": "",
                    "pathName": "pages/results/results",
                    "query": "totalScore=50&wrongList=%5B1%2C5%2C3%2C0%2C9%5D&chooseValue=%5B%22D%22%2C%22D%22%2C%5B%22F%22%5D%2C%22D%22%2C%5B%22D%22%5D%2C%22D%22%2C%22D%22%2C%22C%22%2C%22E%22%2C%22B%22%5D&wrongListSort=%5B0%2C2%2C4%2C6%2C8%5D&testId=101-1",
                    "scene": null
                },
                {
                    "name": "",
                    "pathName": "pages/wd_home/home",
                    "query": "",
                    "scene": null
                },
                {
                    "name": "",
                    "pathName": "pages/search/search",
                    "query": "",
                    "scene": null
                },
                {
                    "name": "",
                    "pathName": "pages/chat/chat",
                    "query": "",
                    "scene": null
                },
                {
                    "name": "",
                    "pathName": "pages/store/store",
                    "query": "",
                    "scene": null
                },
                {
                    "name": "",
                    "pathName": "pages/fornum/fornum",
                    "query": "",
                    "scene": null
                }
            ]
        }
    }
}